generation,Wmax,Wmin,Pmax,Pmin,Fmax,Fmin,Wmean,Pmean,Fmean,Max_CVM,Min_CVM,Mean_CVM,Fit_maxPareto,fitValue,Fit_meanPareto,
0,118.803563,25.684614,409.524480,254.525401,52.321651,10.176448,65.325300,333.839160,26.904612,3.000000,3.000000,3.000000,1.355391,1.048959,1.218708
1,517.158755,359.398387,774.784672,613.298814,24.866964,7.728434,407.899319,697.676742,12.542728,6.000000,3.000000,5.400000,2.551134,1.257039,2.434270
2,1218.577428,265.953600,1113.533219,613.234631,19.584507,7.791124,652.956578,813.046221,10.771639,12.000000,3.000000,6.600000,1.388518,0.588275,1.074638
3,1484.041907,690.715158,1216.595460,1010.349401,16.824026,8.499124,1003.319798,1051.615394,12.600809,12.000000,6.000000,9.000000,2.930114,1.685473,2.625722
4,1790.860642,275.113674,1241.080227,627.841837,17.399095,12.219336,1087.687388,972.412400,15.151187,12.000000,6.000000,9.300000,2.009631,1.060234,1.701646
5,3330.314360,1592.478048,1245.531704,1241.081346,14.725960,13.138618,2461.396204,1243.306525,13.932289,12.000000,9.000000,10.200000,96.688570,75.446303,90.534978
