generation,Wmax,Wmin,Pmax,Pmin,Fmax,Fmin,Wmean,Pmean,Fmean,fitValue,Max_CVM,Min_CVM,Mean_CVM,HWmax,HWmin,HPmax,HPmin,HFmax,HFmin,NP,
0,227.909105,141.674756,2460.841440,2459.700694,0.006045,0.000047,173.861611,2460.413445,0.001648,719.328857,150.000000,150.000000,150.000000,227.909105,141.674756,2460.841440,2459.700694,0.006045,0.000047
1,1050.533621,155.542508,2460.614269,1110.113619,0.036222,0.000078,344.885273,2267.354552,0.004210,0.505177,251.000000,145.000000,209.730000,1050.533621,141.674756,2460.841440,1110.113619,0.036222,0.000047
2,896.330406,158.501463,2460.776299,2071.025357,0.012110,0.001639,429.449446,2378.967207,0.005190,1.744770,296.000000,49.000000,216.750000,1050.533621,141.674756,2460.841440,1110.113619,0.036222,0.000047
3,731.955178,29.560825,2460.916361,597.600169,0.027200,0.000049,388.826530,2304.511099,0.008213,0.314541,319.000000,46.000000,202.640000,1050.533621,29.560825,2460.916361,597.600169,0.036222,0.000047
